{
  "version": "21.0.0",
  "files": {
    "709dc1cead107d5c9eceef8411906b015f67cd69e5cfb0418b40ff76bd6f9de3": {
      "source": {
        "path": "MethodizeStack.template.json",
        "packaging": "file"
      },
      "destinations": {
        "current_account-current_region": {
          "bucketName": "cdk-hnb659fds-assets-${AWS::AccountId}-${AWS::Region}",
          "objectKey": "709dc1cead107d5c9eceef8411906b015f67cd69e5cfb0418b40ff76bd6f9de3.json",
          "assumeRoleArn": "arn:${AWS::Partition}:iam::${AWS::AccountId}:role/cdk-hnb659fds-file-publishing-role-${AWS::AccountId}-${AWS::Region}"
        }
      }
    }
  },
  "dockerImages": {}
}