{
  "version": "tree-0.1",
  "tree": {
    "id": "App",
    "path": "",
    "children": {
      "Tree": {
        "id": "Tree",
        "path": "Tree",
        "constructInfo": {
          "fqn": "constructs.Construct",
          "version": "10.1.94"
        }
      },
      "MethodizeStack": {
        "id": "MethodizeStack",
        "path": "MethodizeStack",
        "children": {
          "UI": {
            "id": "UI",
            "path": "MethodizeStack/UI",
            "children": {
              "ruiBucket": {
                "id": "ruiBucket",
                "path": "MethodizeStack/UI/ruiBucket",
                "children": {
                  "Resource": {
                    "id": "Resource",
                    "path": "MethodizeStack/UI/ruiBucket/Resource",
                    "attributes": {
                      "aws:cdk:cloudformation:type": "AWS::S3::Bucket",
                      "aws:cdk:cloudformation:props": {
                        "corsConfiguration": {
                          "corsRules": [
                            {
                              "allowedHeaders": [
                                "*"
                              ],
                              "allowedMethods": [
                                "GET"
                              ],
                              "allowedOrigins": [
                                "*"
                              ],
                              "exposedHeaders": [
                                "Access-Control-Allow-Origin"
                              ]
                            }
                          ]
                        },
                        "publicAccessBlockConfiguration": {
                          "blockPublicAcls": true,
                          "blockPublicPolicy": true,
                          "ignorePublicAcls": true,
                          "restrictPublicBuckets": true
                        },
                        "websiteConfiguration": {
                          "indexDocument": "index.html",
                          "errorDocument": "index.html"
                        }
                      }
                    },
                    "constructInfo": {
                      "fqn": "aws-cdk-lib.aws_s3.CfnBucket",
                      "version": "2.40.0"
                    }
                  },
                  "Policy": {
                    "id": "Policy",
                    "path": "MethodizeStack/UI/ruiBucket/Policy",
                    "children": {
                      "Resource": {
                        "id": "Resource",
                        "path": "MethodizeStack/UI/ruiBucket/Policy/Resource",
                        "attributes": {
                          "aws:cdk:cloudformation:type": "AWS::S3::BucketPolicy",
                          "aws:cdk:cloudformation:props": {
                            "bucket": {
                              "Ref": "UIruiBucketDA145100"
                            },
                            "policyDocument": {
                              "Statement": [
                                {
                                  "Action": [
                                    "s3:Abort*",
                                    "s3:DeleteObject*",
                                    "s3:GetBucket*",
                                    "s3:GetObject*",
                                    "s3:List*",
                                    "s3:PutObject",
                                    "s3:PutObjectLegalHold",
                                    "s3:PutObjectRetention",
                                    "s3:PutObjectTagging",
                                    "s3:PutObjectVersionTagging"
                                  ],
                                  "Effect": "Allow",
                                  "Principal": {
                                    "CanonicalUser": {
                                      "Fn::GetAtt": [
                                        "UIOAI3F927B3E",
                                        "S3CanonicalUserId"
                                      ]
                                    }
                                  },
                                  "Resource": [
                                    {
                                      "Fn::GetAtt": [
                                        "UIruiBucketDA145100",
                                        "Arn"
                                      ]
                                    },
                                    {
                                      "Fn::Join": [
                                        "",
                                        [
                                          {
                                            "Fn::GetAtt": [
                                              "UIruiBucketDA145100",
                                              "Arn"
                                            ]
                                          },
                                          "/*"
                                        ]
                                      ]
                                    }
                                  ]
                                }
                              ],
                              "Version": "2012-10-17"
                            }
                          }
                        },
                        "constructInfo": {
                          "fqn": "aws-cdk-lib.aws_s3.CfnBucketPolicy",
                          "version": "2.40.0"
                        }
                      }
                    },
                    "constructInfo": {
                      "fqn": "aws-cdk-lib.aws_s3.BucketPolicy",
                      "version": "2.40.0"
                    }
                  }
                },
                "constructInfo": {
                  "fqn": "aws-cdk-lib.aws_s3.Bucket",
                  "version": "2.40.0"
                }
              },
              "domainCert": {
                "id": "domainCert",
                "path": "MethodizeStack/UI/domainCert",
                "constructInfo": {
                  "fqn": "aws-cdk-lib.Resource",
                  "version": "2.40.0"
                }
              },
              "OAI": {
                "id": "OAI",
                "path": "MethodizeStack/UI/OAI",
                "children": {
                  "Resource": {
                    "id": "Resource",
                    "path": "MethodizeStack/UI/OAI/Resource",
                    "attributes": {
                      "aws:cdk:cloudformation:type": "AWS::CloudFront::CloudFrontOriginAccessIdentity",
                      "aws:cdk:cloudformation:props": {
                        "cloudFrontOriginAccessIdentityConfig": {
                          "comment": "Allows CloudFront to reach the bucket"
                        }
                      }
                    },
                    "constructInfo": {
                      "fqn": "aws-cdk-lib.aws_cloudfront.CfnCloudFrontOriginAccessIdentity",
                      "version": "2.40.0"
                    }
                  }
                },
                "constructInfo": {
                  "fqn": "aws-cdk-lib.aws_cloudfront.OriginAccessIdentity",
                  "version": "2.40.0"
                }
              },
              "uiDistribution": {
                "id": "uiDistribution",
                "path": "MethodizeStack/UI/uiDistribution",
                "children": {
                  "Origin1": {
                    "id": "Origin1",
                    "path": "MethodizeStack/UI/uiDistribution/Origin1",
                    "constructInfo": {
                      "fqn": "constructs.Construct",
                      "version": "10.1.94"
                    }
                  },
                  "LoggingBucket": {
                    "id": "LoggingBucket",
                    "path": "MethodizeStack/UI/uiDistribution/LoggingBucket",
                    "children": {
                      "Resource": {
                        "id": "Resource",
                        "path": "MethodizeStack/UI/uiDistribution/LoggingBucket/Resource",
                        "attributes": {
                          "aws:cdk:cloudformation:type": "AWS::S3::Bucket",
                          "aws:cdk:cloudformation:props": {
                            "bucketEncryption": {
                              "serverSideEncryptionConfiguration": [
                                {
                                  "serverSideEncryptionByDefault": {
                                    "sseAlgorithm": "AES256"
                                  }
                                }
                              ]
                            }
                          }
                        },
                        "constructInfo": {
                          "fqn": "aws-cdk-lib.aws_s3.CfnBucket",
                          "version": "2.40.0"
                        }
                      }
                    },
                    "constructInfo": {
                      "fqn": "aws-cdk-lib.aws_s3.Bucket",
                      "version": "2.40.0"
                    }
                  },
                  "Resource": {
                    "id": "Resource",
                    "path": "MethodizeStack/UI/uiDistribution/Resource",
                    "attributes": {
                      "aws:cdk:cloudformation:type": "AWS::CloudFront::Distribution",
                      "aws:cdk:cloudformation:props": {
                        "distributionConfig": {
                          "enabled": true,
                          "origins": [
                            {
                              "domainName": {
                                "Fn::Select": [
                                  2,
                                  {
                                    "Fn::Split": [
                                      "/",
                                      {
                                        "Fn::GetAtt": [
                                          "UIruiBucketDA145100",
                                          "WebsiteURL"
                                        ]
                                      }
                                    ]
                                  }
                                ]
                              },
                              "id": "MethodizeStackUIuiDistributionOrigin19848735B",
                              "customOriginConfig": {
                                "originSslProtocols": [
                                  "TLSv1.2"
                                ],
                                "originProtocolPolicy": "http-only"
                              }
                            }
                          ],
                          "defaultCacheBehavior": {
                            "pathPattern": "*",
                            "targetOriginId": "MethodizeStackUIuiDistributionOrigin19848735B",
                            "allowedMethods": [
                              "GET",
                              "HEAD",
                              "OPTIONS",
                              "PUT",
                              "PATCH",
                              "POST",
                              "DELETE"
                            ],
                            "cachePolicyId": "658327ea-f89d-4fab-a63d-7e88639e58f6",
                            "compress": true,
                            "originRequestPolicyId": "88a5eaf4-2fd4-4709-b370-b4c650ea3fcf",
                            "responseHeadersPolicyId": "60669652-455b-4ae9-85a4-c4c02393f86c",
                            "viewerProtocolPolicy": "redirect-to-https"
                          },
                          "aliases": [
                            "justmethodize.com"
                          ],
                          "defaultRootObject": "index.html",
                          "httpVersion": "http2",
                          "ipv6Enabled": true,
                          "logging": {
                            "bucket": {
                              "Fn::GetAtt": [
                                "UIuiDistributionLoggingBucket63C0B9E3",
                                "RegionalDomainName"
                              ]
                            }
                          },
                          "priceClass": "PriceClass_100",
                          "restrictions": {
                            "geoRestriction": {
                              "restrictionType": "whitelist",
                              "locations": [
                                "US"
                              ]
                            }
                          },
                          "viewerCertificate": {
                            "acmCertificateArn": "arn:aws:acm:us-east-1:089149208915:certificate/6a450d54-af5c-4038-a50f-cb7e1483fac0",
                            "minimumProtocolVersion": "TLSv1.2_2021",
                            "sslSupportMethod": "sni-only"
                          }
                        }
                      }
                    },
                    "constructInfo": {
                      "fqn": "aws-cdk-lib.aws_cloudfront.CfnDistribution",
                      "version": "2.40.0"
                    }
                  }
                },
                "constructInfo": {
                  "fqn": "aws-cdk-lib.aws_cloudfront.Distribution",
                  "version": "2.40.0"
                }
              }
            },
            "constructInfo": {
              "fqn": "constructs.Construct",
              "version": "10.1.94"
            }
          },
          "Database": {
            "id": "Database",
            "path": "MethodizeStack/Database",
            "constructInfo": {
              "fqn": "constructs.Construct",
              "version": "10.1.94"
            }
          },
          "AppLayer": {
            "id": "AppLayer",
            "path": "MethodizeStack/AppLayer",
            "constructInfo": {
              "fqn": "constructs.Construct",
              "version": "10.1.94"
            }
          },
          "CDKMetadata": {
            "id": "CDKMetadata",
            "path": "MethodizeStack/CDKMetadata",
            "children": {
              "Default": {
                "id": "Default",
                "path": "MethodizeStack/CDKMetadata/Default",
                "constructInfo": {
                  "fqn": "aws-cdk-lib.CfnResource",
                  "version": "2.40.0"
                }
              },
              "Condition": {
                "id": "Condition",
                "path": "MethodizeStack/CDKMetadata/Condition",
                "constructInfo": {
                  "fqn": "aws-cdk-lib.CfnCondition",
                  "version": "2.40.0"
                }
              }
            },
            "constructInfo": {
              "fqn": "constructs.Construct",
              "version": "10.1.94"
            }
          }
        },
        "constructInfo": {
          "fqn": "aws-cdk-lib.Stack",
          "version": "2.40.0"
        }
      }
    },
    "constructInfo": {
      "fqn": "aws-cdk-lib.App",
      "version": "2.40.0"
    }
  }
}